table_name,ordinal_position,column_name,data_type,is_nullable,column_default
achievement,1,id,integer,NO,
achievement,2,faction,smallint,NO,0
achievement,3,map_id,integer,YES,
achievement,4,chain_id,smallint,NO,0
achievement,5,chain_pos,smallint,NO,0
achievement,6,category_id,integer,YES,
achievement,7,points,smallint,NO,0
achievement,8,order_in_group,smallint,NO,0
achievement,9,icon_id,integer,YES,
achievement,10,flags,integer,NO,0
achievement,11,req_criteria_count,smallint,NO,0
achievement,12,ref_achievement_id,integer,YES,
achievement,13,item_extra,integer,YES,
achievement,14,name,text,YES,
achievement,15,name_loc,jsonb,NO,'{}'::jsonb
achievement,16,description,text,YES,
achievement,17,description_loc,jsonb,NO,'{}'::jsonb
achievement,18,reward,text,YES,
achievement,19,reward_loc,jsonb,NO,'{}'::jsonb
achievement_category,1,id,integer,NO,
achievement_category,2,parent_cat,integer,YES,
achievement_category,3,parent_cat2,integer,YES,
achievement_category,4,name,text,YES,
achievement_category,5,name_loc,jsonb,NO,'{}'::jsonb
affixed_item,1,id,bigint,NO,nextval('affixed_item_id_seq'::regclass)
affixed_item,2,base_item_id,integer,YES,
affixed_item,3,item_id_observed,integer,YES,
affixed_item,4,name,text,YES,
affixed_item,5,icon_id,integer,YES,
affixed_item,6,item_level,smallint,NO,0
affixed_item,7,quality,USER-DEFINED,NO,'common'::item_quality
affixed_item,8,inventory_type,USER-DEFINED,NO,'non_equip'::inventory_type
affixed_item,9,prefix,text,YES,
affixed_item,10,suffix,text,YES,
affixed_item,11,rolled_stats,jsonb,NO,'[]'::jsonb
affixed_item,12,source_label,text,YES,
affixed_item,13,drop_zone_id,integer,YES,
affixed_item,14,raw_payload,jsonb,YES,
affixed_item,15,first_seen_at,timestamp with time zone,NO,now()
affixed_item,16,confirmation_count,integer,NO,1
affixed_item,17,bisbeard_id,text,YES,
affixed_item,18,name_norm,text,YES,
affixed_item,19,last_seen_at,timestamp with time zone,NO,now()
area,1,id,integer,NO,
area,2,map_id,integer,NO,
area,3,parent_area_id,integer,YES,
area,4,flags,integer,NO,0
area,5,level_min,smallint,YES,
area,6,level_max,smallint,YES,
area,7,faction_side,USER-DEFINED,NO,'neutral'::faction_side
area,8,expansion,smallint,NO,0
area,9,type,smallint,NO,0
area,10,name,text,YES,
area,11,name_loc,jsonb,NO,'{}'::jsonb
area,12,exploration_level,smallint,YES,
area,13,area_bit,integer,NO,0
area,14,area_level,smallint,YES,
areatrigger,1,id,integer,NO,
areatrigger,2,cu_flags,integer,NO,0
areatrigger,3,type,smallint,NO,0
areatrigger,4,map_id,integer,YES,
areatrigger,5,pos_x,real,NO,
areatrigger,6,pos_y,real,NO,
areatrigger,7,orientation,real,NO,0
areatrigger,8,name,text,YES,
areatrigger,9,quest_id,integer,YES,
blackmarket_listing,1,id,bigint,NO,nextval('blackmarket_listing_id_seq'::regclass)
blackmarket_listing,2,vendor_id,bigint,NO,
blackmarket_listing,3,slot_index,smallint,NO,
blackmarket_listing,4,item_id,integer,YES,
blackmarket_listing,5,item_link,text,YES,
blackmarket_listing,6,item_name,text,YES,
blackmarket_listing,7,price_copper,bigint,YES,
blackmarket_listing,8,stack,integer,NO,1
blackmarket_listing,9,num_available,integer,NO,'-1'::integer
blackmarket_listing,10,extra_costs,jsonb,NO,'{}'::jsonb
blackmarket_listing,11,first_seen_at,timestamp with time zone,NO,now()
blackmarket_listing,12,last_seen_at,timestamp with time zone,NO,now()
blackmarket_vendor,1,id,bigint,NO,nextval('blackmarket_vendor_id_seq'::regclass)
blackmarket_vendor,2,realm_id,smallint,YES,
blackmarket_vendor,3,guid,text,NO,
blackmarket_vendor,4,vendor_creature_id,integer,YES,
blackmarket_vendor,5,vendor_name,text,YES,
blackmarket_vendor,6,map_id,integer,YES,
blackmarket_vendor,7,area_id,integer,YES,
blackmarket_vendor,8,coord_x,real,YES,
blackmarket_vendor,9,coord_y,real,YES,
blackmarket_vendor,10,discovery_type,smallint,YES,
blackmarket_vendor,11,status,text,YES,
blackmarket_vendor,12,found_by_player,text,YES,
blackmarket_vendor,13,originator,text,YES,
blackmarket_vendor,14,first_seen_at,timestamp with time zone,NO,now()
blackmarket_vendor,15,last_seen_at,timestamp with time zone,NO,now()
blackmarket_vendor,16,raw_payload,jsonb,YES,
class,1,id,smallint,NO,
class,2,file_string,text,YES,
class,3,icon_id,integer,YES,
class,4,name,text,YES,
class,5,name_loc,jsonb,NO,'{}'::jsonb
class,6,power_type,smallint,NO,0
class,7,race_mask,integer,NO,0
class,8,roles,integer,NO,0
class,9,weapon_type_mask,integer,NO,0
class,10,armor_type_mask,integer,NO,0
class,11,expansion,smallint,NO,0
class,12,flags,integer,NO,0
class,13,slug,USER-DEFINED,YES,
class,14,is_ascension_custom,boolean,NO,false
class_spell,1,class_id,smallint,NO,
class_spell,2,spell_id,integer,NO,
class_spell,3,advancement_id,integer,YES,
class_spell,4,kind,text,NO,'ability'::text
class_spell,5,tab,text,YES,
class_spell,6,tier,smallint,NO,0
class_spell,7,col,smallint,NO,0
class_spell,8,req_level,smallint,YES,
craft_recipe,1,spell_id,integer,NO,
craft_recipe,2,item_id,integer,YES,
craft_recipe,3,num_result,smallint,NO,1
craft_recipe,4,profession,text,YES,
craft_recipe,5,reagents,jsonb,NO,'[]'::jsonb
craft_recipe,6,source,text,NO,'tsm'::text
craft_recipe,7,updated_at,timestamp with time zone,NO,now()
creature,1,id,integer,NO,
creature,2,cu_flags,integer,NO,0
creature,3,difficulty_entries,ARRAY,NO,'{}'::integer[]
creature,4,kill_credits,ARRAY,NO,'{}'::integer[]
creature,5,display_ids,ARRAY,NO,'{}'::integer[]
creature,6,texture_string,text,YES,
creature,7,icon_string,text,YES,
creature,8,model_id,integer,NO,0
creature,9,is_humanoid,boolean,NO,false
creature,10,name,text,YES,
creature,11,name_loc,jsonb,NO,'{}'::jsonb
creature,12,sub_name,text,YES,
creature,13,sub_name_loc,jsonb,NO,'{}'::jsonb
creature,14,min_level,smallint,NO,1
creature,15,max_level,smallint,NO,1
creature,16,expansion,smallint,NO,0
creature,17,faction_id,integer,YES,
creature,18,npc_flags,integer,NO,0
creature,19,rank,smallint,NO,0
creature,20,type,smallint,NO,0
creature,21,type_flags,integer,NO,0
creature,22,family,smallint,NO,0
creature,23,unit_class,smallint,NO,0
creature,24,unit_flags,integer,NO,0
creature,25,unit_flags2,integer,NO,0
creature,26,dynamic_flags,integer,NO,0
creature,27,flags_extra,integer,NO,0
creature,28,racial_leader,boolean,NO,false
creature,29,mechanic_immune_mask,integer,NO,0
creature,30,school_immune_mask,integer,NO,0
creature,31,dmg_school,smallint,NO,0
creature,32,dmg_multiplier,real,NO,1
creature,33,atk_speed_ms,integer,NO,0
creature,34,rng_atk_speed_ms,integer,NO,0
creature,35,mle_variance,real,NO,1
creature,36,rng_variance,real,NO,1
creature,37,dmg_min,real,NO,0
creature,38,dmg_max,real,NO,0
creature,39,mle_atk_pwr_min,integer,NO,0
creature,40,mle_atk_pwr_max,integer,NO,0
creature,41,rng_atk_pwr_min,integer,NO,0
creature,42,rng_atk_pwr_max,integer,NO,0
creature,43,loot_id,integer,YES,
creature,44,pickpocket_loot_id,integer,YES,
creature,45,skin_loot_id,integer,YES,
creature,46,min_gold,integer,NO,0
creature,47,max_gold,integer,NO,0
creature,48,health_min,integer,NO,1
creature,49,health_max,integer,NO,1
creature,50,mana_min,integer,NO,0
creature,51,mana_max,integer,NO,0
creature,52,armor_min,integer,NO,1
creature,53,armor_max,integer,NO,1
creature,54,resistances,ARRAY,NO,"'{0,0,0,0,0,0}'::integer[]"
creature,55,trainer_type,smallint,NO,0
creature,56,trainer_requirement,integer,NO,0
creature,57,spells,ARRAY,NO,'{}'::integer[]
creature,58,pet_spell_data_id,integer,YES,
creature,59,vehicle_id,integer,YES,
creature,60,script_or_ai,text,YES,
creature,61,string_id,text,YES,
creature,62,name_norm,text,YES,
creature,63,faction_template_id,integer,NO,0
creature,64,attack_power,integer,NO,0
creature_difficulty,1,entry,integer,NO,
creature_difficulty,2,difficulty_1,integer,YES,
creature_difficulty,3,difficulty_2,integer,YES,
creature_difficulty,4,difficulty_3,integer,YES,
creature_family,1,id,integer,NO,
creature_family,2,name,text,YES,
creature_family,3,skill_line,integer,NO,0
creature_family,4,skill_line_2,integer,NO,0
creature_family,5,pet_food_mask,integer,NO,0
creature_family,6,pet_talent_type,integer,NO,'-1'::integer
creature_family,7,category_enum_id,integer,NO,0
creature_family,8,icon,text,YES,
creature_loot,1,entry,integer,NO,
creature_loot,2,item_id,integer,NO,
creature_loot,3,chance,real,NO,100
creature_loot,4,mincountorref,integer,NO,1
creature_loot,5,maxcount,integer,NO,1
creature_loot,6,groupid,smallint,NO,0
creature_loot,7,lootcondition_id,integer,YES,
creature_loot,8,quest_required,boolean,NO,false
creature_loot,9,reference_id,integer,NO,0
creature_onkill_reputation,1,creature_id,integer,NO,
creature_onkill_reputation,2,faction_id,integer,NO,
creature_onkill_reputation,3,rep_change,smallint,NO,0
creature_quest_ends,1,id,integer,NO,
creature_quest_ends,2,quest_id,integer,NO,
creature_quest_starts,1,id,integer,NO,
creature_quest_starts,2,quest_id,integer,NO,
creature_search,1,creature_id,integer,NO,
creature_search,2,locale,smallint,NO,
creature_search,3,n_name,text,YES,
creature_search,4,n_subname,text,YES,
creature_spawn,1,guid,bigint,NO,
creature_spawn,2,entry,integer,NO,
creature_spawn,3,map_id,integer,NO,
creature_spawn,4,zone_id,integer,YES,
creature_spawn,5,area_id,integer,YES,
creature_spawn,6,x,double precision,YES,
creature_spawn,7,y,double precision,YES,
creature_spawn,8,z,double precision,YES,
creature_spawn,9,spawnmask,smallint,YES,
creature_spawn,10,phasemask,integer,YES,
creature_spawn,11,zone_x_pct,real,YES,
creature_spawn,12,zone_y_pct,real,YES,
creature_spell_data,1,id,integer,NO,
creature_spell_data,2,spells,ARRAY,NO,'{}'::integer[]
creature_waypoint,1,creature_or_path,integer,NO,
creature_waypoint,2,point,smallint,NO,
creature_waypoint,3,area_id,integer,NO,
creature_waypoint,4,floor,smallint,NO,'-1'::integer
creature_waypoint,5,pos_x,real,NO,
creature_waypoint,6,pos_y,real,NO,
creature_waypoint,7,wait_ms,integer,NO,0
currency,1,id,integer,NO,
currency,2,category,integer,NO,0
currency,3,icon_id,integer,YES,
currency,4,item_id,integer,YES,
currency,5,cap,integer,NO,0
currency,6,name,text,YES,
currency,7,name_loc,jsonb,NO,'{}'::jsonb
currency,8,description,text,YES,
currency,9,description_loc,jsonb,NO,'{}'::jsonb
dbversion,1,applied_at,timestamp with time zone,NO,now()
dbversion,2,part,smallint,NO,1
dbversion,3,version,text,NO,
dbversion,4,notes,text,YES,
disenchant_loot,1,entry,integer,NO,
disenchant_loot,2,item_id,integer,NO,
disenchant_loot,3,chance,numeric,NO,100
disenchant_loot,4,mincount,smallint,NO,1
disenchant_loot,5,maxcount,smallint,NO,1
disenchant_loot,6,groupid,smallint,NO,0
dungeon_boss_extra,1,map_id,integer,NO,
dungeon_boss_extra,2,creature_id,integer,NO,
dungeon_boss_extra,3,sort_order,integer,NO,0
dungeon_boss_extra,4,optional,boolean,NO,false
event,1,id,integer,NO,
event,2,holiday_id,integer,YES,
event,3,start_time,timestamp with time zone,YES,
event,4,end_time,timestamp with time zone,YES,
event,5,occurrence_secs,integer,NO,0
event,6,length_secs,integer,NO,0
event,7,requires,text,YES,
event,8,description,text,YES,
faction,1,id,integer,NO,
faction,2,rep_index,smallint,NO,'-1'::integer
faction,3,side,USER-DEFINED,NO,'neutral'::faction_side
faction,4,expansion,smallint,NO,0
faction,5,parent_faction_id,integer,YES,
faction,6,base_rep,jsonb,NO,'[]'::jsonb
faction,7,spillover_in,real,NO,0
faction,8,spillover_out,real,NO,0
faction,9,spillover_max_rank,smallint,NO,0
faction,10,qm_npc_ids,ARRAY,NO,'{}'::integer[]
faction,11,template_ids,ARRAY,NO,'{}'::integer[]
faction,12,name,text,YES,
faction,13,name_loc,jsonb,NO,'{}'::jsonb
faction,14,description,text,YES,
faction,15,description_loc,jsonb,NO,'{}'::jsonb
faction_template,1,id,integer,NO,
faction_template,2,faction_id,integer,NO,
faction_template,3,alliance,smallint,NO,0
faction_template,4,horde,smallint,NO,0
faction_template,5,flags,integer,NO,0
faction_template,6,faction_group,integer,NO,0
faction_template,7,friend_group,integer,NO,0
faction_template,8,enemy_group,integer,NO,0
faction_template,9,enemies,ARRAY,NO,'{}'::integer[]
faction_template,10,friends,ARRAY,NO,'{}'::integer[]
fishing_loot,1,area_id,integer,NO,
fishing_loot,2,item_id,integer,NO,
fishing_loot,3,chance,numeric,NO,100
fishing_loot,4,mincount,smallint,NO,1
fishing_loot,5,maxcount,smallint,NO,1
fishing_loot,6,groupid,smallint,NO,0
fishing_loot,7,reference_id,integer,NO,0
gameobject,1,id,integer,NO,
gameobject,2,type,smallint,NO,0
gameobject,3,type_cat,smallint,NO,0
gameobject,4,event_id,integer,YES,
gameobject,5,display_id,integer,NO,0
gameobject,6,faction_id,integer,YES,
gameobject,7,flags,integer,NO,0
gameobject,8,cu_flags,integer,NO,0
gameobject,9,loot_id,integer,YES,
gameobject,10,lock_id,integer,NO,0
gameobject,11,req_skill,integer,YES,
gameobject,12,page_text_id,integer,YES,
gameobject,13,linked_trap_id,integer,YES,
gameobject,14,req_quest_id,integer,YES,
gameobject,15,spell_focus_id,integer,YES,
gameobject,16,on_use_spell_id,integer,YES,
gameobject,17,on_success_spell_id,integer,YES,
gameobject,18,aura_spell_id,integer,YES,
gameobject,19,triggered_spell_id,integer,YES,
gameobject,20,misc_info,text,YES,
gameobject,21,script_or_ai,text,YES,
gameobject,22,string_id,text,YES,
gameobject,23,name,text,YES,
gameobject,24,name_loc,jsonb,NO,'{}'::jsonb
gameobject,25,name_norm,text,YES,
gameobject_loot,1,entry,integer,NO,
gameobject_loot,2,item_id,integer,NO,
gameobject_loot,3,chance,numeric,NO,100
gameobject_loot,4,mincount,smallint,NO,1
gameobject_loot,5,maxcount,smallint,NO,1
gameobject_loot,6,groupid,smallint,NO,0
gameobject_loot,7,quest_required,boolean,NO,false
gameobject_loot,8,reference_id,integer,NO,0
gameobject_quest_ends,1,id,integer,NO,
gameobject_quest_ends,2,quest_id,integer,NO,
gameobject_quest_starts,1,id,integer,NO,
gameobject_quest_starts,2,quest_id,integer,NO,
gameobject_search,1,gameobject_id,integer,NO,
gameobject_search,2,locale,smallint,NO,
gameobject_search,3,n_name,text,YES,
gameobject_spawn,1,guid,bigint,NO,
gameobject_spawn,2,entry,integer,NO,
gameobject_spawn,3,map_id,integer,NO,
gameobject_spawn,4,zone_id,integer,YES,
gameobject_spawn,5,area_id,integer,YES,
gameobject_spawn,6,x,double precision,YES,
gameobject_spawn,7,y,double precision,YES,
gameobject_spawn,8,z,double precision,YES,
gameobject_spawn,9,spawnmask,smallint,YES,
gameobject_spawn,10,phasemask,integer,YES,
gameobject_spawn,11,zone_x_pct,real,YES,
gameobject_spawn,12,zone_y_pct,real,YES,
glyphproperties,1,id,integer,NO,
glyphproperties,2,spell_id,integer,YES,
glyphproperties,3,type_flags,smallint,NO,0
glyphproperties,4,icon_id,integer,YES,
holiday,1,id,integer,NO,
holiday,2,boss_creature_id,integer,YES,
holiday,3,achievement_cat_or_id,integer,YES,
holiday,4,name,text,YES,
holiday,5,name_loc,jsonb,NO,'{}'::jsonb
holiday,6,description,text,YES,
holiday,7,description_loc,jsonb,NO,'{}'::jsonb
holiday,8,looping,boolean,NO,true
holiday,9,schedule_type,smallint,NO,0
holiday,10,icon_id,integer,YES,
holiday,11,texture_string,text,YES,
icon,1,id,integer,NO,
icon,2,name,text,NO,
icon,3,name_source,text,YES,
item_character_creation,1,item_id,integer,NO,
item_character_creation,2,class_id,smallint,NO,
item_crafted_by,1,recipe_item_id,integer,YES,
item_crafted_by,2,spell_id,integer,NO,
item_crafted_by,3,crafted_item_id,integer,NO,
item_dbc,1,id,integer,NO,
item_dbc,2,class,smallint,NO,
item_dbc,3,sub_class,smallint,NO,
item_dbc,4,display_id,integer,NO,0
item_dbc,5,inventory_type,smallint,NO,0
item_dbc,6,sheath,smallint,NO,0
item_display_info,1,display_id,integer,NO,
item_display_info,2,icon_name,text,NO,
item_loot,1,entry,integer,NO,
item_loot,2,item_id,integer,NO,
item_loot,3,chance,numeric,NO,100
item_loot,4,mincount,smallint,NO,1
item_loot,5,maxcount,smallint,NO,1
item_loot,6,groupid,smallint,NO,0
item_loot,7,quest_required,boolean,NO,false
item_loot,8,reference_id,integer,NO,0
item_stats,1,item_id,integer,NO,
item_stats,2,nsockets,smallint,NO,0
item_stats,3,dps,real,YES,
item_stats,4,speed,real,YES,
item_stats,5,damage_type,smallint,YES,
item_stats,6,str,integer,NO,0
item_stats,7,agi,integer,NO,0
item_stats,8,sta,integer,NO,0
item_stats,9,int_,integer,NO,0
item_stats,10,spi,integer,NO,0
item_stats,11,crit_rating,integer,NO,0
item_stats,12,hit_rating,integer,NO,0
item_stats,13,haste_rating,integer,NO,0
item_stats,14,expertise,integer,NO,0
item_stats,15,armor_pen,integer,NO,0
item_stats,16,mastery_rating,integer,NO,0
item_stats,17,resilience,integer,NO,0
item_stats,18,armor,integer,NO,0
item_stats,19,defense,integer,NO,0
item_stats,20,dodge_rating,integer,NO,0
item_stats,21,parry_rating,integer,NO,0
item_stats,22,block_rating,integer,NO,0
item_stats,23,block_value,integer,NO,0
item_stats,24,attack_power,integer,NO,0
item_stats,25,spell_power,integer,NO,0
item_stats,26,spell_pen,integer,NO,0
item_stats,27,mp5,integer,NO,0
item_stats,28,hp5,integer,NO,0
item_stats,29,res_holy,integer,NO,0
item_stats,30,res_fire,integer,NO,0
item_stats,31,res_nature,integer,NO,0
item_stats,32,res_frost,integer,NO,0
item_stats,33,res_shadow,integer,NO,0
item_stats,34,res_arcane,integer,NO,0
item_stats,35,spell_power_holy,integer,NO,0
item_stats,36,spell_power_fire,integer,NO,0
item_stats,37,spell_power_nature,integer,NO,0
item_stats,38,spell_power_frost,integer,NO,0
item_stats,39,spell_power_shadow,integer,NO,0
item_stats,40,spell_power_arcane,integer,NO,0
itemenchantment,1,id,integer,NO,
itemenchantment,2,charges,smallint,NO,0
itemenchantment,3,proc_chance,smallint,NO,0
itemenchantment,4,ppm_rate,real,NO,0
itemenchantment,5,types,ARRAY,NO,'{}'::smallint[]
itemenchantment,6,amounts,ARRAY,NO,'{}'::integer[]
itemenchantment,7,objects,ARRAY,NO,'{}'::integer[]
itemenchantment,8,name,text,YES,
itemenchantment,9,name_loc,jsonb,NO,'{}'::jsonb
itemenchantment,10,condition_id,smallint,YES,
itemenchantment,11,skill_line_id,integer,YES,
itemenchantment,12,skill_level,smallint,NO,0
itemenchantment,13,required_level,smallint,NO,0
items,1,id,integer,NO,
items,2,class,smallint,NO,0
items,3,sub_class,smallint,NO,0
items,4,sub_sub_class,smallint,NO,0
items,5,sound_override_subclass,smallint,YES,
items,6,quality,USER-DEFINED,NO,'common'::item_quality
items,7,flags,integer,NO,0
items,8,flags_extra,integer,NO,0
items,9,flags_custom,integer,NO,0
items,10,cu_flags,integer,NO,0
items,11,inventory_type,USER-DEFINED,NO,'non_equip'::inventory_type
items,12,bonding,USER-DEFINED,NO,'none'::item_bonding
items,13,item_level,smallint,NO,0
items,14,required_level,smallint,NO,0
items,15,required_class,integer,NO,0
items,16,required_race,integer,NO,0
items,17,required_skill,integer,YES,
items,18,required_skill_rank,smallint,NO,0
items,19,required_spell,integer,YES,
items,20,required_honor_rank,integer,NO,0
items,21,required_city_rank,integer,NO,0
items,22,required_faction_id,integer,YES,
items,23,required_faction_rank,smallint,NO,0
items,24,required_disenchant_skill,smallint,NO,'-1'::integer
items,25,max_count,integer,NO,0
items,26,stackable,integer,NO,1
items,27,container_slots,smallint,NO,0
items,28,bag_family,integer,NO,0
items,29,totem_category,integer,NO,0
items,30,icon_id,integer,YES,
items,31,display_id,integer,NO,0
items,32,spell_visual_id,integer,NO,0
items,33,material,smallint,NO,0
items,34,sheath,smallint,NO,0
items,35,page_text_id,integer,NO,0
items,36,language_id,smallint,NO,0
items,37,food_type,smallint,NO,0
items,38,duration,integer,NO,0
items,39,item_limit_category,smallint,NO,0
items,40,holiday_id,integer,YES,
items,41,script_name,text,NO,''::text
items,42,model,text,YES,
items,43,buy_count,smallint,NO,1
items,44,buy_price,integer,NO,0
items,45,sell_price,integer,NO,0
items,46,repair_price,integer,NO,0
items,47,stats,jsonb,NO,'[]'::jsonb
items,48,scaling_stat_distribution,smallint,NO,0
items,49,scaling_stat_value,integer,NO,0
items,50,damage,jsonb,NO,'[]'::jsonb
items,51,delay_ms,integer,NO,1000
items,52,armor,integer,NO,0
items,53,armor_damage_modifier,real,NO,0
items,54,block,integer,NO,0
items,55,res_holy,smallint,NO,0
items,56,res_fire,smallint,NO,0
items,57,res_nature,smallint,NO,0
items,58,res_frost,smallint,NO,0
items,59,res_shadow,smallint,NO,0
items,60,res_arcane,smallint,NO,0
items,61,ammo_type,smallint,NO,0
items,62,ranged_mod_range,real,NO,0
items,63,durability,smallint,NO,0
items,64,spells,jsonb,NO,'[]'::jsonb
items,65,sockets,jsonb,NO,'[]'::jsonb
items,66,socket_bonus,integer,NO,0
items,67,gem_color_mask,integer,NO,0
items,68,gem_enchantment_id,integer,YES,
items,69,disenchant_id,integer,NO,0
items,70,random_property_id,integer,YES,
items,71,random_suffix_id,integer,YES,
items,72,random_enchant,integer,NO,0
items,73,itemset,integer,YES,
items,74,area_id,integer,YES,
items,75,map_id,integer,YES,
items,76,start_quest_id,integer,YES,
items,77,lock_id,integer,NO,0
items,78,pick_up_sound_id,integer,YES,
items,79,drop_down_sound_id,integer,YES,
items,80,sheathe_sound_id,integer,YES,
items,81,unsheathe_sound_id,integer,YES,
items,82,min_money_loot,integer,NO,0
items,83,max_money_loot,integer,NO,0
items,84,name,text,YES,
items,85,name_loc,jsonb,NO,'{}'::jsonb
items,86,description,text,YES,
items,87,description_loc,jsonb,NO,'{}'::jsonb
items,88,version_tag,USER-DEFINED,NO,'unspecified'::item_version_tag
items,89,phase,smallint,YES,
items,90,drop_rate,text,YES,
items,91,source_label,text,YES,
items,92,source_category,text,YES,
items,93,classes,ARRAY,NO,'{}'::text[]
items,94,raw_payload,jsonb,YES,
items,95,first_seen_at,timestamp with time zone,NO,now()
items,96,last_updated_at,timestamp with time zone,NO,now()
items,97,name_norm,text,YES,
items,98,worldforged,boolean,NO,false
items,99,taught_spell_id,integer,YES,
items,100,wf_base_item_id,integer,YES,
items,101,worldforged_tier,smallint,YES,
items_search,1,item_id,integer,NO,
items_search,2,locale,smallint,NO,
items_search,3,n_name,text,YES,
items_search,4,n_description,text,YES,
items_search,5,n_effects,text,YES,
itemset,1,id,integer,NO,
itemset,2,ref_set_id,integer,YES,
itemset,3,quality,USER-DEFINED,NO,'common'::item_quality
itemset,4,type,smallint,NO,0
itemset,5,content_group,smallint,NO,0
itemset,6,npieces,smallint,NO,0
itemset,7,min_level,smallint,NO,0
itemset,8,max_level,smallint,NO,0
itemset,9,req_level,smallint,NO,0
itemset,10,class_mask,integer,NO,0
itemset,11,skill_id,integer,YES,
itemset,12,skill_level,smallint,NO,0
itemset,13,heroic,boolean,NO,false
itemset,14,event_id,integer,YES,
itemset,15,item_ids,ARRAY,NO,'{}'::integer[]
itemset,16,bonus_spells,ARRAY,NO,'{}'::integer[]
itemset,17,bonus_thresholds,ARRAY,NO,'{}'::smallint[]
itemset,18,name,text,YES,
itemset,19,name_loc,jsonb,NO,'{}'::jsonb
itemset,20,bonus_text,text,YES,
itemset,21,bonus_text_loc,jsonb,NO,'{}'::jsonb
lfg_dungeon,1,id,integer,NO,
lfg_dungeon,2,name,text,NO,
lfg_dungeon,3,name_loc,jsonb,NO,'{}'::jsonb
lfg_dungeon,4,min_level,smallint,NO,0
lfg_dungeon,5,max_level,smallint,NO,0
lfg_dungeon,6,target_level,smallint,NO,0
lfg_dungeon,7,map_id,integer,YES,
lfg_dungeon,8,difficulty,smallint,NO,0
lfg_dungeon,9,type_cat,smallint,NO,0
lfg_dungeon,10,faction,smallint,NO,'-1'::integer
lfg_dungeon,11,expansion,smallint,NO,0
lfg_dungeon,12,group_id,integer,NO,0
lfg_dungeon,13,description,text,YES,
lfg_dungeon,14,description_loc,jsonb,NO,'{}'::jsonb
lfg_dungeon,15,flags,integer,NO,0
locale,1,id,smallint,NO,
locale,2,code,text,NO,
locale,3,name,text,NO,
loot_link,1,id,bigint,NO,nextval('loot_link_id_seq'::regclass)
loot_link,2,npc_id,integer,NO,
loot_link,3,object_id,integer,NO,
loot_link,4,difficulty,USER-DEFINED,NO,'normal'::instance_difficulty
loot_link,5,priority,smallint,NO,0
loot_link,6,encounter_id,integer,NO,0
loot_template,1,id,bigint,NO,nextval('loot_template_id_seq'::regclass)
loot_template,2,loot_id,integer,NO,
loot_template,3,item_id,integer,NO,
loot_template,4,chance,real,NO,100
loot_template,5,quest_required,boolean,NO,false
loot_template,6,lootmode,integer,NO,1
loot_template,7,group_id,smallint,NO,0
loot_template,8,min_count,integer,NO,1
loot_template,9,max_count,integer,NO,1
loot_template,10,reference_id,integer,NO,0
loot_template,11,comment,text,YES,
map,1,id,integer,NO,
map,2,directory,text,YES,
map,3,type,USER-DEFINED,NO,'world'::map_type
map,4,is_battleground,boolean,NO,false
map,5,expansion,smallint,NO,0
map,6,name,text,YES,
map,7,name_loc,jsonb,NO,'{}'::jsonb
map,8,instance_type,smallint,YES,
map,9,flags,integer,NO,0
map,10,max_players,smallint,YES,
mind_of_ascension_talent,1,id,integer,NO,
mind_of_ascension_talent,2,tree_id,smallint,NO,
mind_of_ascension_talent,3,row,smallint,NO,
mind_of_ascension_talent,4,col,smallint,NO,
mind_of_ascension_talent,5,max_rank,smallint,NO,1
mind_of_ascension_talent,6,spell_ids,ARRAY,NO,'{}'::integer[]
mind_of_ascension_talent,7,parent_talent_id,integer,YES,
mind_of_ascension_talent,8,parent_required_rank,smallint,NO,0
mind_of_ascension_talent,9,name,text,YES,
mind_of_ascension_talent,10,name_loc,jsonb,NO,'{}'::jsonb
mind_of_ascension_talent,11,description,text,YES,
mind_of_ascension_talent,12,description_loc,jsonb,NO,'{}'::jsonb
mind_of_ascension_talent,13,icon_id,integer,YES,
mind_of_ascension_talent,14,raw_payload,jsonb,YES,
mind_of_ascension_tree,1,id,smallint,NO,nextval('mind_of_ascension_tree_id_seq'::regclass)
mind_of_ascension_tree,2,slug,USER-DEFINED,NO,
mind_of_ascension_tree,3,name,text,NO,
mind_of_ascension_tree,4,name_loc,jsonb,NO,'{}'::jsonb
mind_of_ascension_tree,5,description,text,YES,
mind_of_ascension_tree,6,description_loc,jsonb,NO,'{}'::jsonb
mind_of_ascension_tree,7,icon_id,integer,YES,
mind_of_ascension_tree,8,role_hint,text,YES,
mystic_enchant,1,id,integer,NO,
mystic_enchant,2,item_id,integer,YES,
mystic_enchant,3,spell_id,integer,YES,
mystic_enchant,4,scroll_name,text,NO,
mystic_enchant,5,class_filter,text,YES,
mystic_enchant,6,quality,USER-DEFINED,NO,'common'::item_quality
mystic_enchant,7,tier,text,YES,
mystic_enchant,8,req_level,smallint,NO,0
mystic_enchant,9,effect_text,text,YES,
mystic_enchant,10,tooltip_text,text,YES,
mystic_enchant,11,prerequisites,ARRAY,NO,'{}'::text[]
mystic_enchant,12,is_crossover,boolean,NO,false
mystic_enchant,13,is_collected_default,boolean,NO,false
mystic_enchant,14,raw_payload,jsonb,YES,
mystic_enchant,15,fetched_at,timestamp with time zone,NO,now()
npc_trainer,1,entry,integer,NO,
npc_trainer,2,spell_id,integer,NO,
npc_trainer,3,money_cost,integer,NO,0
npc_trainer,4,req_skill,integer,NO,0
npc_trainer,5,req_skill_value,smallint,NO,0
npc_trainer,6,req_level,smallint,NO,0
npc_vendor,1,entry,integer,NO,
npc_vendor,2,item_id,integer,NO,
npc_vendor,3,maxcount,integer,NO,0
npc_vendor,4,incrtime,integer,NO,0
npc_vendor,5,extendedcost,integer,NO,0
objectdifficulty,1,id,bigint,NO,nextval('objectdifficulty_id_seq'::regclass)
objectdifficulty,2,normal_10,integer,YES,
objectdifficulty,3,normal_25,integer,YES,
objectdifficulty,4,heroic_10,integer,YES,
objectdifficulty,5,heroic_25,integer,YES,
objectdifficulty,6,map_type,smallint,NO,0
pet,1,id,integer,NO,
pet,2,category,integer,NO,0
pet,3,cu_flags,integer,NO,0
pet,4,min_level,smallint,NO,1
pet,5,max_level,smallint,NO,1
pet,6,food_mask,integer,NO,0
pet,7,type,smallint,NO,0
pet,8,exotic,boolean,NO,false
pet,9,expansion,smallint,NO,0
pet,10,icon_id,integer,YES,
pet,11,skill_line_id,integer,YES,
pet,12,spell_ids,ARRAY,NO,'{}'::integer[]
pet,13,armor,integer,NO,0
pet,14,damage,integer,NO,0
pet,15,health,integer,NO,0
pet,16,name,text,YES,
pet,17,name_loc,jsonb,NO,'{}'::jsonb
pickpocket_loot,1,entry,integer,NO,
pickpocket_loot,2,item_id,integer,NO,
pickpocket_loot,3,chance,numeric,NO,100
pickpocket_loot,4,mincount,smallint,NO,1
pickpocket_loot,5,maxcount,smallint,NO,1
pickpocket_loot,6,groupid,smallint,NO,0
quest,1,id,integer,NO,
quest,2,quest_type,USER-DEFINED,NO,'normal'::quest_type
quest,3,level,smallint,NO,1
quest,4,min_level,smallint,NO,0
quest,5,max_level,smallint,NO,0
quest,6,quest_sort_id,smallint,NO,0
quest,7,quest_info_id,smallint,NO,0
quest,8,suggested_players,smallint,NO,0
quest,9,time_limit_secs,integer,NO,0
quest,10,event_id,integer,YES,
quest,11,prev_quest_id,integer,YES,
quest,12,next_quest_id,integer,YES,
quest,13,breadcrumb_for_quest_id,integer,YES,
quest,14,exclusive_group,integer,NO,0
quest,15,next_quest_id_chain,integer,YES,
quest,16,flags,integer,NO,0
quest,17,special_flags,smallint,NO,0
quest,18,cu_flags,integer,NO,0
quest,19,req_class_mask,integer,NO,0
quest,20,req_race_mask,integer,NO,0
quest,21,req_skill_id,integer,YES,
quest,22,req_skill_points,smallint,NO,0
quest,23,req_min_rep,jsonb,NO,'{}'::jsonb
quest,24,req_max_rep,jsonb,NO,'{}'::jsonb
quest,25,req_player_kills,smallint,NO,0
quest,26,source_item_id,integer,YES,
quest,27,source_item_count,smallint,NO,0
quest,28,source_spell_id,integer,YES,
quest,29,reward_xp,integer,NO,0
quest,30,reward_money,integer,NO,0
quest,31,reward_money_max_level,integer,NO,0
quest,32,reward_spell_id,integer,YES,
quest,33,reward_spell_cast_id,integer,YES,
quest,34,reward_honor,integer,NO,0
quest,35,reward_arena_points,smallint,NO,0
quest,36,reward_title_id,integer,YES,
quest,37,reward_talents,smallint,NO,0
quest,38,reward_mail_template_id,integer,YES,
quest,39,reward_mail_delay_secs,integer,YES,
quest,40,reward_items,jsonb,NO,'[]'::jsonb
quest,41,reward_choice_items,jsonb,NO,'[]'::jsonb
quest,42,reward_factions,jsonb,NO,'[]'::jsonb
quest,43,req_npc_or_go,jsonb,NO,'[]'::jsonb
quest,44,req_source_items,jsonb,NO,'[]'::jsonb
quest,45,req_items,jsonb,NO,'[]'::jsonb
quest,46,name,text,YES,
quest,47,name_loc,jsonb,NO,'{}'::jsonb
quest,48,objectives,text,YES,
quest,49,objectives_loc,jsonb,NO,'{}'::jsonb
quest,50,details,text,YES,
quest,51,details_loc,jsonb,NO,'{}'::jsonb
quest,52,end_text,text,YES,
quest,53,end_loc,jsonb,NO,'{}'::jsonb
quest,54,offer_reward,text,YES,
quest,55,offer_reward_loc,jsonb,NO,'{}'::jsonb
quest,56,request_items,text,YES,
quest,57,request_items_loc,jsonb,NO,'{}'::jsonb
quest,58,completed_text,text,YES,
quest,59,completed_loc,jsonb,NO,'{}'::jsonb
quest,60,objective_texts,jsonb,NO,'[]'::jsonb
quest,61,name_norm,text,YES,
quest,62,reward_xp_difficulty,smallint,NO,0
quest,63,poi_map_id,integer,YES,
quest,64,poi_x,real,YES,
quest,65,poi_y,real,YES,
quest,66,poi_priority,smallint,NO,0
quest,67,xp_per_level,double precision,YES,
quest_objective_hotspot,1,quest_id,integer,NO,
quest_objective_hotspot,2,objective_idx,smallint,NO,
quest_objective_hotspot,3,target_kind,smallint,NO,
quest_objective_hotspot,4,target_id,integer,NO,
quest_objective_hotspot,5,target_name,text,YES,
quest_objective_hotspot,6,area_id,integer,NO,
quest_objective_hotspot,7,map_id,integer,YES,
quest_objective_hotspot,8,cx_pct,real,YES,
quest_objective_hotspot,9,cy_pct,real,YES,
quest_objective_hotspot,10,spawn_count,integer,NO,
quest_objective_hotspot,11,radius_pct,real,YES,
quest_search,1,quest_id,integer,NO,
quest_search,2,locale,smallint,NO,
quest_search,3,n_name,text,YES,
quest_search,4,n_objectives,text,YES,
quest_search,5,n_details,text,YES,
quest_startend,1,type,smallint,NO,
quest_startend,2,type_id,integer,NO,
quest_startend,3,quest_id,integer,NO,
quest_startend,4,method,smallint,NO,
quest_startend,5,event_id,integer,YES,
quest_xp,1,level,smallint,NO,
quest_xp,2,difficulty,smallint,NO,
quest_xp,3,xp,integer,NO,
quickfact,1,type,smallint,NO,
quickfact,2,type_id,integer,NO,
quickfact,3,order_idx,smallint,NO,
quickfact,4,position,USER-DEFINED,NO,'append'::quickfact_position
quickfact,5,body,text,NO,
race,1,id,smallint,NO,
race,2,class_mask,integer,NO,0
race,3,flags,integer,NO,0
race,4,faction_id,integer,YES,
race,5,start_area_id,integer,YES,
race,6,leader_npc_id,integer,YES,
race,7,base_language,smallint,YES,
race,8,side,USER-DEFINED,NO,'neutral'::faction_side
race,9,file_string,text,YES,
race,10,name,text,YES,
race,11,name_loc,jsonb,NO,'{}'::jsonb
race,12,expansion,smallint,NO,0
random_property_pool,1,id,integer,NO,
random_property_pool,2,internal_name,text,YES,
random_property_pool,3,name,text,YES,
random_property_pool,4,name_loc,jsonb,NO,'{}'::jsonb
random_property_pool,5,enchant_ids,ARRAY,NO,'{}'::integer[]
random_property_pool,6,allocation_pct,ARRAY,NO,'{}'::smallint[]
random_suffix_pool,1,id,integer,NO,
random_suffix_pool,2,internal_name,text,YES,
random_suffix_pool,3,name,text,YES,
random_suffix_pool,4,name_loc,jsonb,NO,'{}'::jsonb
random_suffix_pool,5,enchant_ids,ARRAY,NO,'{}'::integer[]
random_suffix_pool,6,allocation_pct,ARRAY,NO,'{}'::smallint[]
random_suffix_pool,7,item_level_min,smallint,YES,
random_suffix_pool,8,item_level_max,smallint,YES,
realm,1,id,smallint,NO,
realm,2,slug,USER-DEFINED,NO,
realm,3,display_name,text,NO,
realm,4,region,text,YES,
realm,5,is_active,boolean,NO,true
realm,6,notes,text,YES,
reference_loot,1,entry,integer,NO,
reference_loot,2,item_id,integer,NO,
reference_loot,3,chance,numeric,NO,100
reference_loot,4,mincount,smallint,NO,1
reference_loot,5,maxcount,smallint,NO,1
reference_loot,6,groupid,smallint,NO,0
shapeshiftform,1,id,integer,NO,
shapeshiftform,2,bonus_action_bar,smallint,NO,0
shapeshiftform,3,flags,integer,NO,0
shapeshiftform,4,creature_type,smallint,NO,0
shapeshiftform,5,attack_icon_id,integer,YES,
shapeshiftform,6,name,text,YES,
shapeshiftform,7,name_loc,jsonb,NO,'{}'::jsonb
skill_line_ability,1,id,integer,NO,
skill_line_ability,2,skill_line_id,integer,NO,
skill_line_ability,3,spell_id,integer,NO,
skill_line_ability,4,race_mask,integer,NO,0
skill_line_ability,5,class_mask,integer,NO,0
skill_line_ability,6,exclude_race,integer,NO,0
skill_line_ability,7,exclude_class,integer,NO,0
skill_line_ability,8,min_skill_rank,smallint,NO,0
skill_line_ability,9,superceded_by_spell,integer,YES,
skill_line_ability,10,acquire_method,smallint,NO,0
skillline,1,id,integer,NO,
skillline,2,type_cat,smallint,NO,0
skillline,3,category_id,smallint,NO,0
skillline,4,profession_mask,smallint,NO,0
skillline,5,icon_id,integer,YES,
skillline,6,recipe_subclass,smallint,YES,
skillline,7,specializations,ARRAY,NO,'{}'::integer[]
skillline,8,name,text,YES,
skillline,9,name_loc,jsonb,NO,'{}'::jsonb
skillline,10,description,text,YES,
skillline,11,description_loc,jsonb,NO,'{}'::jsonb
skinning_loot,1,entry,integer,NO,
skinning_loot,2,item_id,integer,NO,
skinning_loot,3,chance,numeric,NO,100
skinning_loot,4,mincount,smallint,NO,1
skinning_loot,5,maxcount,smallint,NO,1
skinning_loot,6,groupid,smallint,NO,0
sound,1,id,integer,NO,
sound,2,cat,smallint,NO,0
sound,3,name,text,NO,
sound,4,flags,integer,NO,0
sound,5,files,ARRAY,NO,'{}'::text[]
sound_file,1,id,integer,NO,
sound_file,2,file,text,NO,
sound_file,3,path,text,NO,
sound_file,4,format,USER-DEFINED,NO,
source,1,type,smallint,NO,
source,2,type_id,integer,NO,
source,3,more_type,smallint,YES,
source,4,more_type_id,integer,YES,
source,5,more_zone_id,integer,YES,
source,6,more_mask,integer,YES,
source,7,sources,ARRAY,NO,'{}'::source_kind[]
spawn,1,guid,bigint,NO,
spawn,2,type,smallint,NO,
spawn,3,type_id,integer,NO,
spawn,4,respawn_secs,integer,NO,0
spawn,5,spawn_mask,smallint,NO,0
spawn,6,phase_mask,integer,NO,0
spawn,7,area_id,integer,YES,
spawn,8,floor,smallint,NO,0
spawn,9,pos_x,real,NO,
spawn,10,pos_y,real,NO,
spawn,11,pos_z,real,YES,
spawn,12,path_id,integer,NO,0
spawn,13,script_name,text,YES,
spawn,14,string_id,text,YES,
spawn_override,1,type,smallint,NO,
spawn_override,2,type_guid,bigint,NO,
spawn_override,3,area_id,integer,YES,
spawn_override,4,floor,smallint,NO,0
spawn_override,5,revision,smallint,NO,0
spell,1,id,integer,NO,
spell,2,category,integer,NO,0
spell,3,type_cat,smallint,NO,0
spell,4,dispel_type,smallint,NO,0
spell,5,mechanic,smallint,NO,0
spell,6,attributes,ARRAY,NO,'{}'::integer[]
spell,7,cu_flags,integer,NO,0
spell,8,stance_mask,integer,NO,0
spell,9,stance_mask_not,integer,NO,0
spell,10,targets,integer,NO,0
spell,11,spell_focus_object,integer,YES,
spell,12,cast_time_ms,integer,NO,0
spell,13,recovery_time_ms,integer,NO,0
spell,14,recovery_category,integer,NO,0
spell,15,gcd_ms,integer,NO,0
spell,16,gcd_category,integer,NO,0
spell,17,proc_chance,smallint,NO,0
spell,18,proc_charges,integer,NO,0
spell,19,proc_custom,real,NO,0
spell,20,proc_cooldown_ms,integer,NO,0
spell,21,duration_ms,integer,NO,0
spell,22,base_level,smallint,NO,0
spell,23,spell_level,smallint,NO,0
spell,24,max_level,smallint,NO,0
spell,25,talent_level,smallint,NO,0
spell,26,power_type,smallint,NO,0
spell,27,power_cost,integer,NO,0
spell,28,power_cost_per_level,integer,NO,0
spell,29,power_cost_percent,integer,NO,0
spell,30,power_per_second,integer,NO,0
spell,31,power_per_second_level,integer,NO,0
spell,32,range_id,integer,NO,0
spell,33,stack_amount,integer,NO,0
spell,34,equipped_item_class,smallint,NO,0
spell,35,equipped_item_subclass_mask,integer,NO,0
spell,36,equipped_item_inventory_mask,integer,NO,0
spell,37,school_mask,smallint,NO,0
spell,38,damage_class,smallint,NO,0
spell,39,spell_family_id,smallint,NO,0
spell,40,spell_family_flags,ARRAY,NO,'{}'::bigint[]
spell,41,icon_id,integer,YES,
spell,42,spell_visual_id,integer,YES,
spell,43,rank_no,smallint,NO,0
spell,44,skill_line_id,integer,YES,
spell,45,req_race_mask,integer,NO,0
spell,46,req_class_mask,integer,NO,0
spell,47,req_spell_id,integer,YES,
spell,48,req_skill_level,smallint,NO,0
spell,49,learned_at,smallint,NO,0
spell,50,skill_level_grey,smallint,NO,0
spell,51,skill_level_yellow,smallint,NO,0
spell,52,training_cost,integer,NO,0
spell,53,reagents,jsonb,NO,'[]'::jsonb
spell,54,effects,jsonb,NO,'[]'::jsonb
spell,55,name,text,YES,
spell,56,name_loc,jsonb,NO,'{}'::jsonb
spell,57,rank_text,text,YES,
spell,58,rank_loc,jsonb,NO,'{}'::jsonb
spell,59,description,text,YES,
spell,60,description_loc,jsonb,NO,'{}'::jsonb
spell,61,buff_text,text,YES,
spell,62,buff_loc,jsonb,NO,'{}'::jsonb
spell,63,name_norm,text,YES,
spell,64,max_targets,smallint,NO,0
spell,65,moa_description,text,YES,
spell_bonus_data,1,spell_id,integer,NO,
spell_bonus_data,2,direct_bonus,real,YES,
spell_bonus_data,3,dot_bonus,real,YES,
spell_bonus_data,4,ap_bonus,real,YES,
spell_bonus_data,5,ap_dot_bonus,real,YES,
spell_bonus_data,6,comments,text,YES,
spell_cast_times,1,id,integer,NO,
spell_cast_times,2,base_time_ms,integer,NO,0
spell_cast_times,3,per_level,integer,NO,0
spell_cast_times,4,min_time_ms,integer,NO,0
spell_difficulty,1,id,integer,NO,
spell_difficulty,2,normal_10,integer,YES,
spell_difficulty,3,normal_25,integer,YES,
spell_difficulty,4,heroic_10,integer,YES,
spell_difficulty,5,heroic_25,integer,YES,
spell_difficulty,6,map_type,smallint,NO,0
spell_duration,1,id,integer,NO,
spell_duration,2,duration,integer,NO,0
spell_duration,3,duration_per_level,integer,NO,0
spell_duration,4,max_duration,integer,NO,0
spell_icon,1,id,integer,NO,
spell_icon,2,name,text,NO,''::text
spell_radius,1,id,integer,NO,
spell_radius,2,radius,real,NO,0
spell_radius,3,radius_per_level,real,NO,0
spell_radius,4,radius_max,real,NO,0
spell_range,1,id,integer,NO,
spell_range,2,range_min,real,NO,0
spell_range,3,range_max,real,NO,0
spell_range,4,range_min_2,real,NO,0
spell_range,5,range_max_2,real,NO,0
spell_range,6,flags,integer,NO,0
spell_range,7,name,text,YES,
spell_search,1,spell_id,integer,NO,
spell_search,2,locale,smallint,NO,
spell_search,3,n_name,text,YES,
spell_search,4,n_description,text,YES,
spell_search,5,n_buff,text,YES,
talent,1,id,integer,NO,
talent,2,rank,smallint,NO,0
talent,3,class_id,smallint,NO,
talent,4,pet_type_mask,smallint,NO,0
talent,5,tab,smallint,NO,
talent,6,row,smallint,NO,
talent,7,col,smallint,NO,
talent,8,spell_id,integer,NO,
talent_tab,1,id,smallint,NO,
talent_tab,2,class_id,smallint,YES,
talent_tab,3,name,text,NO,
talent_tab,4,name_loc,jsonb,NO,'{}'::jsonb
talent_tab,5,spell_icon_id,integer,YES,
talent_tab,6,pet_talent_mask,integer,NO,0
talent_tab,7,order_index,smallint,NO,0
talent_tab,8,raw_class_mask,integer,NO,0
taxinode,1,id,integer,NO,
taxinode,2,map_id,integer,YES,
taxinode,3,map_x,real,NO,
taxinode,4,map_y,real,NO,
taxinode,5,area_id,integer,YES,
taxinode,6,area_x,real,NO,
taxinode,7,area_y,real,NO,
taxinode,8,npc_or_go_kind,text,NO,
taxinode,9,type_id,integer,NO,
taxinode,10,react_a,smallint,NO,0
taxinode,11,react_h,smallint,NO,0
taxinode,12,name,text,YES,
taxinode,13,name_loc,jsonb,NO,'{}'::jsonb
taxipath,1,id,integer,NO,
taxipath,2,start_node_id,integer,NO,
taxipath,3,end_node_id,integer,NO,
title,1,id,integer,NO,
title,2,category,smallint,NO,0
title,3,gender,smallint,NO,0
title,4,side,USER-DEFINED,NO,'neutral'::faction_side
title,5,expansion,smallint,NO,0
title,6,bit_idx,smallint,NO,0
title,7,event_id,integer,YES,
title,8,male_name,text,YES,
title,9,male_name_loc,jsonb,NO,'{}'::jsonb
title,10,female_name,text,YES,
title,11,female_name_loc,jsonb,NO,'{}'::jsonb
world_discovery,1,id,bigint,NO,nextval('world_discovery_id_seq'::regclass)
world_discovery,2,realm_id,smallint,YES,
world_discovery,3,guid,text,NO,
world_discovery,4,discovery_type,smallint,YES,
world_discovery,5,map_id,integer,YES,
world_discovery,6,area_id,integer,YES,
world_discovery,7,coord_x,real,YES,
world_discovery,8,coord_y,real,YES,
world_discovery,9,item_id,integer,YES,
world_discovery,10,item_quality,USER-DEFINED,YES,
world_discovery,11,item_type,smallint,YES,
world_discovery,12,item_subtype,smallint,YES,
world_discovery,13,creature_id,integer,YES,
world_discovery,14,source,text,YES,
world_discovery,15,status,text,YES,
world_discovery,16,found_by_player,text,YES,
world_discovery,17,originator,text,YES,
world_discovery,18,announce_count,integer,NO,0
world_discovery,19,merge_count,integer,NO,1
world_discovery,20,first_seen_at,timestamp with time zone,NO,now()
world_discovery,21,last_seen_at,timestamp with time zone,NO,now()
world_discovery,22,raw_payload,jsonb,YES,
world_map_area,1,id,integer,NO,
world_map_area,2,map_id,integer,NO,
world_map_area,3,area_id,integer,YES,
world_map_area,4,area_name,text,YES,
world_map_area,5,loc_left,real,YES,
world_map_area,6,loc_right,real,YES,
world_map_area,7,loc_top,real,YES,
world_map_area,8,loc_bottom,real,YES,
